Workbook

Sheet Οδηγίες
A1: Συστηματική βιβλιογραφική ανασκόπηση: αρχείο προτύπων
A3: Σκοπός | B3: Προαιρετικό εργαλείο για τη δική σας ανασκόπηση. Ένα φύλλο για κάθε βήμα της ανασκόπησης. Ό,τι καταγράφετε εδώ μεταφέρεται στη Μεθοδολογία και στα Αποτελέσματα της εργασίας.
A4: Πού γράφετε | B4: Μόνο στα κελιά με κίτρινο φόντο. Τα λευκά κελιά περιέχουν τύπους και υπολογίζονται αυτόματα.
A5: Γραμμές παραδείγματος | B5: Οι γκρίζες γραμμές με πλάγια γράμματα είναι παραδείγματα. Διαγράψτε το περιεχόμενό τους πριν ξεκινήσετε: αλλιώς προσμετρώνται στους αριθμούς του PRISMA. Οι γραμμές παραδείγματος δείχνουν πώς συμπληρώνεται κάθε στήλη, και δεν αποτελούν μία ενιαία ανασκόπηση.
A6: 0_Συμβολοσειρά | B6: Κατασκευή της συμβολοσειράς αναζήτησης από τις έννοιες του ερωτήματός σας. Γράφετε συνώνυμα, ένα ανά κελί — η συμβολοσειρά συντίθεται αυτόματα για Scopus, ERIC και σε γενική μορφή. Την αντιγράφετε στη βάση και, όπως εκτελέστηκε, στο φύλλο 1_Αναζήτηση.
A7: 1_Αναζήτηση | B7: Ημερολόγιο αναζήτησης. Μία γραμμή για κάθε αναζήτηση σε κάθε βάση δεδομένων, με τη συμβολοσειρά ακριβώς όπως εκτελέστηκε.
A8: 2_Επιλογή | B8: Μία γραμμή για κάθε εγγραφή που εντοπίστηκε. Σε δυάδα, τα δύο μέλη αποφασίζουν ανεξάρτητα στο Στάδιο 1 (τίτλος και περίληψη) και η στήλη «Συμφωνία» δείχνει πού χρειάζεται συζήτηση. Όποιος εργάζεται ατομικά αφήνει κενή τη στήλη «Μέλος Β». Το φύλλο δέχεται έως 2.000 εγγραφές.
A9: PRISMA_αριθμοί | B9: Υπολογίζει αυτόματα τους αριθμούς του διαγράμματος ροής PRISMA 2020 από το φύλλο 2_Επιλογή και ελέγχει ότι αθροίζονται.
A10: 3_Εξαγωγή | B10: Πίνακας εξαγωγής δεδομένων. Μία γραμμή ανά μελέτη που εντάχθηκε. Οι στήλες ακολουθούν τις τέσσερις ερωτήσεις του μαθήματος: Τι, Ποιος, Γιατί, Πώς.
A11: 4_Ποιότητα | B11: Πέντε ερωτήσεις αξιολόγησης ανά μελέτη, με απάντηση ΝΑΙ, ΕΝ ΜΕΡΕΙ ή ΟΧΙ. Ο βαθμός (0 έως 5) υπολογίζεται αυτόματα: ΝΑΙ = 1, ΕΝ ΜΕΡΕΙ = 0,5, ΟΧΙ = 0.
A12: 5_Σύνθεση | B12: Μία γραμμή ανά ισχυρισμό, ομαδοποιημένες ανά ερευνητικό ερώτημα: ποιες μελέτες τον στηρίζουν, ποιες τον αντικρούουν, με ποια ποιότητα, και η πρόταση όπως θα γραφτεί στα Αποτελέσματα.
A13: Πηγές | B13: Διάγραμμα ροής και κατάλογος ελέγχου: Page et al. (2021), The PRISMA 2020 statement, BMJ. Για πληρέστερη αξιολόγηση ποιότητας: Hong et al. (2018), Mixed Methods Appraisal Tool (MMAT).

Sheet 0_Συμβολοσειρά
A1: Κατασκευή συμβολοσειράς αναζήτησης
A2: Μία στήλη ανά έννοια του ερωτήματός σας (PCC ή PICO), ένα συνώνυμο ανά κελί. Μέσα στη στήλη οι όροι ενώνονται με OR, οι στήλες μεταξύ τους με AND. Οι φράσεις μπαίνουν αυτόματα σε ευθέα εισαγωγικά.
A3: Η δική σας συμβολοσειρά: γράφετε μόνο στα κίτρινα κελιά. Αντιγράψτε το αποτέλεσμα στη βάση δεδομένων και, όπως ακριβώς εκτελέστηκε, στο φύλλο 1_Αναζήτηση.
B4: Έννοια 1 | C4: Έννοια 2 | D4: Έννοια 3 | E4: Έννοια 4 | F4: Έννοια 5
A5: Όνομα έννοιας (για εσάς)
A6: Όρος 1
A7: Όρος 2
A8: Όρος 3
A9: Όρος 4
A10: Όρος 5
A11: Όρος 6
A12: Όρος 7
A13: Όρος 8
A14: Μπλοκ (συντίθεται αυτόματα) | B14: =IF(B229="","","("&B229&")") | C14: =IF(C229="","","("&C229&")") | D14: =IF(D229="","","("&D229&")") | E14: =IF(E229="","","("&E229&")") | F14: =IF(F229="","","("&F229&")")
A16: Από έτος δημοσίευσης (π.χ. 2019)
A17: Γλώσσα, μόνο Scopus (π.χ. english)
A19: Scopus (Advanced search) | B19: =IF(F232="","","TITLE-ABS-KEY("&F232&")"&IF(B16="",""," AND PUBYEAR > "&(B16-1))&IF(B17="",""," AND LANGUAGE("&B17&")"))
A20: ERIC (eric.ed.gov) | B20: =IF(F232="","",F232&IF(B16="",""," pubyearmin:"&B16))
A21: Γενική μορφή (IEEE Xplore, ACM Digital Library) | B21: =IF(F232="","",F232)
A22: Έλεγχοι | B22: =IF(F232="","","Αστερίσκοι: "&SUMPRODUCT(LEN(B6:F13)-LEN(SUBSTITUTE(B6:F13,"*","")))&" (το IEEE Xplore δέχεται έως 10 ανά αναζήτηση). "&IF(SUMPRODUCT(--ISNUMBER(FIND("*",B6:F13)),--((ISNUMBER(FIND(" ",TRIM(B6:F13)))+ISNUMBER(FIND("-",B6:F13)))>0))>0,"ΠΡΟΣΟΧΗ: "&SUMPRODUCT(--ISNUMBER(FIND("*",B6:F13)),--((ISNUMBER(FIND(" ",TRIM(B6:F13)))+ISNUMBER(FIND("-",B6:F13)))>0))&" όρος ή όροι έχουν αστερίσκο μέσα σε φράση ή μετά από ενωτικό. Στο ERIC δεν επιστρέφουν αποτελέσματα: γράψτε τις παραλλαγές ολόκληρες.","Κανένας αστερίσκος μέσα σε φράση ή μετά από ενωτικό."))
A24: Παράδειγμα (πίνακες πληροφοριών για φοιτητές και αυτορρύθμιση στην ανώτατη εκπαίδευση). Δεν χρειάζεται να το σβήσετε: δεν επηρεάζει τη δική σας συμβολοσειρά.
B25: Έννοια 1 | C25: Έννοια 2 | D25: Έννοια 3 | E25: Έννοια 4 | F25: Έννοια 5
A26: Όνομα έννοιας (για εσάς) | B26: learning analytics | C26: πίνακες πληροφοριών | D26: αυτορρύθμιση | E26: ανώτατη εκπαίδευση
A27: Όρος 1 | B27: learning analytics | C27: dashboard* | D27: self-regulated learning | E27: higher education
A28: Όρος 2 | C28: visual analytics | D28: self-regulation | E28: universit*
A29: Όρος 3 | D29: SRL | E29: undergraduate*
A30: Όρος 4
A31: Όρος 5
A32: Όρος 6
A33: Όρος 7
A34: Όρος 8
A35: Μπλοκ (συντίθεται αυτόματα) | B35: =IF(B292="","","("&B292&")") | C35: =IF(C292="","","("&C292&")") | D35: =IF(D292="","","("&D292&")") | E35: =IF(E292="","","("&E292&")") | F35: =IF(F292="","","("&F292&")")
A37: Από έτος δημοσίευσης (π.χ. 2019) | B37: 2019
A38: Γλώσσα, μόνο Scopus (π.χ. english) | B38: english
A40: Scopus (Advanced search) | B40: =IF(F295="","","TITLE-ABS-KEY("&F295&")"&IF(B37="",""," AND PUBYEAR > "&(B37-1))&IF(B38="",""," AND LANGUAGE("&B38&")"))
A41: ERIC (eric.ed.gov) | B41: =IF(F295="","",F295&IF(B37="",""," pubyearmin:"&B37))
A42: Γενική μορφή (IEEE Xplore, ACM Digital Library) | B42: =IF(F295="","",F295)
A43: Έλεγχοι | B43: =IF(F295="","","Αστερίσκοι: "&SUMPRODUCT(LEN(B27:F34)-LEN(SUBSTITUTE(B27:F34,"*","")))&" (το IEEE Xplore δέχεται έως 10 ανά αναζήτηση). "&IF(SUMPRODUCT(--ISNUMBER(FIND("*",B27:F34)),--((ISNUMBER(FIND(" ",TRIM(B27:F34)))+ISNUMBER(FIND("-",B27:F34)))>0))>0,"ΠΡΟΣΟΧΗ: "&SUMPRODUCT(--ISNUMBER(FIND("*",B27:F34)),--((ISNUMBER(FIND(" ",TRIM(B27:F34)))+ISNUMBER(FIND("-",B27:F34)))>0))&" όρος ή όροι έχουν αστερίσκο μέσα σε φράση ή μετά από ενωτικό. Στο ERIC δεν επιστρέφουν αποτελέσματα: γράψτε τις παραλλαγές ολόκληρες.","Κανένας αστερίσκος μέσα σε φράση ή μετά από ενωτικό."))
A46: Πριν εκτελέσετε: (1) Ταιριάζει η συμβολοσειρά με το ερώτημά σας; (2) OR μέσα στο μπλοκ, AND ανάμεσα στα μπλοκ, παρενθέσεις παντού; (3) Ορθογραφία, αστερίσκοι, ευθέα εισαγωγικά; (4) Είναι τα φίλτρα αιτιολογημένα και το πλήθος εύλογο;
A47: Οι τέσσερις έλεγχοι είναι προσαρμογή του PRESS 2015 (McGowan et al., 2016, Journal of Clinical Epidemiology, 75, 40–46). Τι καταγράφεται για κάθε αναζήτηση: PRISMA-S (Rethlefsen et al., 2021, Systematic Reviews, 10, 39).
B212: =IF(TRIM(B6)="","",IF(OR(LEFT(SUBSTITUTE(SUBSTITUTE(TRIM(B6),"“",""""),"”",""""),1)="""",ISERROR(FIND(" ",SUBSTITUTE(SUBSTITUTE(TRIM(B6),"“",""""),"”","""")))),SUBSTITUTE(SUBSTITUTE(TRIM(B6),"“",""""),"”",""""),""""&SUBSTITUTE(SUBSTITUTE(TRIM(B6),"“",""""),"”","""")&"""")) | C212: =IF(TRIM(C6)="","",IF(OR(LEFT(SUBSTITUTE(SUBSTITUTE(TRIM(C6),"“",""""),"”",""""),1)="""",ISERROR(FIND(" ",SUBSTITUTE(SUBSTITUTE(TRIM(C6),"“",""""),"”","""")))),SUBSTITUTE(SUBSTITUTE(TRIM(C6),"“",""""),"”",""""),""""&SUBSTITUTE(SUBSTITUTE(TRIM(C6),"“",""""),"”","""")&"""")) | D212: =IF(TRIM(D6)="","",IF(OR(LEFT(SUBSTITUTE(SUBSTITUTE(TRIM(D6),"“",""""),"”",""""),1)="""",ISERROR(FIND(" ",SUBSTITUTE(SUBSTITUTE(TRIM(D6),"“",""""),"”","""")))),SUBSTITUTE(SUBSTITUTE(TRIM(D6),"“",""""),"”",""""),""""&SUBSTITUTE(SUBSTITUTE(TRIM(D6),"“",""""),"”","""")&"""")) | E212: =IF(TRIM(E6)="","",IF(OR(LEFT(SUBSTITUTE(SUBSTITUTE(TRIM(E6),"“",""""),"”",""""),1)="""",ISERROR(FIND(" ",SUBSTITUTE(SUBSTITUTE(TRIM(E6),"“",""""),"”","""")))),SUBSTITUTE(SUBSTITUTE(TRIM(E6),"“",""""),"”",""""),""""&SUBSTITUTE(SUBSTITUTE(TRIM(E6),"“",""""),"”","""")&"""")) | F212: =IF(TRIM(F6)="","",IF(OR(LEFT(SUBSTITUTE(SUBSTITUTE(TRIM(F6),"“",""""),"”",""""),1)="""",ISERROR(FIND(" ",SUBSTITUTE(SUBSTITUTE(TRIM(F6),"“",""""),"”","""")))),SUBSTITUTE(SUBSTITUTE(TRIM(F6),"“",""""),"”",""""),""""&SUBSTITUTE(SUBSTITUTE(TRIM(F6),"“",""""),"”","""")&""""))
B213: =IF(TRIM(B7)="","",IF(OR(LEFT(SUBSTITUTE(SUBSTITUTE(TRIM(B7),"“",""""),"”",""""),1)="""",ISERROR(FIND(" ",SUBSTITUTE(SUBSTITUTE(TRIM(B7),"“",""""),"”","""")))),SUBSTITUTE(SUBSTITUTE(TRIM(B7),"“",""""),"”",""""),""""&SUBSTITUTE(SUBSTITUTE(TRIM(B7),"“",""""),"”","""")&"""")) | C213: =IF(TRIM(C7)="","",IF(OR(LEFT(SUBSTITUTE(SUBSTITUTE(TRIM(C7),"“",""""),"”",""""),1)="""",ISERROR(FIND(" ",SUBSTITUTE(SUBSTITUTE(TRIM(C7),"“",""""),"”","""")))),SUBSTITUTE(SUBSTITUTE(TRIM(C7),"“",""""),"”",""""),""""&SUBSTITUTE(SUBSTITUTE(TRIM(C7),"“",""""),"”","""")&"""")) | D213: =IF(TRIM(D7)="","",IF(OR(LEFT(SUBSTITUTE(SUBSTITUTE(TRIM(D7),"“",""""),"”",""""),1)="""",ISERROR(FIND(" ",SUBSTITUTE(SUBSTITUTE(TRIM(D7),"“",""""),"”","""")))),SUBSTITUTE(SUBSTITUTE(TRIM(D7),"“",""""),"”",""""),""""&SUBSTITUTE(SUBSTITUTE(TRIM(D7),"“",""""),"”","""")&"""")) | E213: =IF(TRIM(E7)="","",IF(OR(LEFT(SUBSTITUTE(SUBSTITUTE(TRIM(E7),"“",""""),"”",""""),1)="""",ISERROR(FIND(" ",SUBSTITUTE(SUBSTITUTE(TRIM(E7),"“",""""),"”","""")))),SUBSTITUTE(SUBSTITUTE(TRIM(E7),"“",""""),"”",""""),""""&SUBSTITUTE(SUBSTITUTE(TRIM(E7),"“",""""),"”","""")&"""")) | F213: =IF(TRIM(F7)="","",IF(OR(LEFT(SUBSTITUTE(SUBSTITUTE(TRIM(F7),"“",""""),"”",""""),1)="""",ISERROR(FIND(" ",SUBSTITUTE(SUBSTITUTE(TRIM(F7),"“",""""),"”","""")))),SUBSTITUTE(SUBSTITUTE(TRIM(F7),"“",""""),"”",""""),""""&SUBSTITUTE(SUBSTITUTE(TRIM(F7),"“",""""),"”","""")&""""))
B214: =IF(TRIM(B8)="","",IF(OR(LEFT(SUBSTITUTE(SUBSTITUTE(TRIM(B8),"“",""""),"”",""""),1)="""",ISERROR(FIND(" ",SUBSTITUTE(SUBSTITUTE(TRIM(B8),"“",""""),"”","""")))),SUBSTITUTE(SUBSTITUTE(TRIM(B8),"“",""""),"”",""""),""""&SUBSTITUTE(SUBSTITUTE(TRIM(B8),"“",""""),"”","""")&"""")) | C214: =IF(TRIM(C8)="","",IF(OR(LEFT(SUBSTITUTE(SUBSTITUTE(TRIM(C8),"“",""""),"”",""""),1)="""",ISERROR(FIND(" ",SUBSTITUTE(SUBSTITUTE(TRIM(C8),"“",""""),"”","""")))),SUBSTITUTE(SUBSTITUTE(TRIM(C8),"“",""""),"”",""""),""""&SUBSTITUTE(SUBSTITUTE(TRIM(C8),"“",""""),"”","""")&"""")) | D214: =IF(TRIM(D8)="","",IF(OR(LEFT(SUBSTITUTE(SUBSTITUTE(TRIM(D8),"“",""""),"”",""""),1)="""",ISERROR(FIND(" ",SUBSTITUTE(SUBSTITUTE(TRIM(D8),"“",""""),"”","""")))),SUBSTITUTE(SUBSTITUTE(TRIM(D8),"“",""""),"”",""""),""""&SUBSTITUTE(SUBSTITUTE(TRIM(D8),"“",""""),"”","""")&"""")) | E214: =IF(TRIM(E8)="","",IF(OR(LEFT(SUBSTITUTE(SUBSTITUTE(TRIM(E8),"“",""""),"”",""""),1)="""",ISERROR(FIND(" ",SUBSTITUTE(SUBSTITUTE(TRIM(E8),"“",""""),"”","""")))),SUBSTITUTE(SUBSTITUTE(TRIM(E8),"“",""""),"”",""""),""""&SUBSTITUTE(SUBSTITUTE(TRIM(E8),"“",""""),"”","""")&"""")) | F214: =IF(TRIM(F8)="","",IF(OR(LEFT(SUBSTITUTE(SUBSTITUTE(TRIM(F8),"“",""""),"”",""""),1)="""",ISERROR(FIND(" ",SUBSTITUTE(SUBSTITUTE(TRIM(F8),"“",""""),"”","""")))),SUBSTITUTE(SUBSTITUTE(TRIM(F8),"“",""""),"”",""""),""""&SUBSTITUTE(SUBSTITUTE(TRIM(F8),"“",""""),"”","""")&""""))
B215: =IF(TRIM(B9)="","",IF(OR(LEFT(SUBSTITUTE(SUBSTITUTE(TRIM(B9),"“",""""),"”",""""),1)="""",ISERROR(FIND(" ",SUBSTITUTE(SUBSTITUTE(TRIM(B9),"“",""""),"”","""")))),SUBSTITUTE(SUBSTITUTE(TRIM(B9),"“",""""),"”",""""),""""&SUBSTITUTE(SUBSTITUTE(TRIM(B9),"“",""""),"”","""")&"""")) | C215: =IF(TRIM(C9)="","",IF(OR(LEFT(SUBSTITUTE(SUBSTITUTE(TRIM(C9),"“",""""),"”",""""),1)="""",ISERROR(FIND(" ",SUBSTITUTE(SUBSTITUTE(TRIM(C9),"“",""""),"”","""")))),SUBSTITUTE(SUBSTITUTE(TRIM(C9),"“",""""),"”",""""),""""&SUBSTITUTE(SUBSTITUTE(TRIM(C9),"“",""""),"”","""")&"""")) | D215: =IF(TRIM(D9)="","",IF(OR(LEFT(SUBSTITUTE(SUBSTITUTE(TRIM(D9),"“",""""),"”",""""),1)="""",ISERROR(FIND(" ",SUBSTITUTE(SUBSTITUTE(TRIM(D9),"“",""""),"”","""")))),SUBSTITUTE(SUBSTITUTE(TRIM(D9),"“",""""),"”",""""),""""&SUBSTITUTE(SUBSTITUTE(TRIM(D9),"“",""""),"”","""")&"""")) | E215: =IF(TRIM(E9)="","",IF(OR(LEFT(SUBSTITUTE(SUBSTITUTE(TRIM(E9),"“",""""),"”",""""),1)="""",ISERROR(FIND(" ",SUBSTITUTE(SUBSTITUTE(TRIM(E9),"“",""""),"”","""")))),SUBSTITUTE(SUBSTITUTE(TRIM(E9),"“",""""),"”",""""),""""&SUBSTITUTE(SUBSTITUTE(TRIM(E9),"“",""""),"”","""")&"""")) | F215: =IF(TRIM(F9)="","",IF(OR(LEFT(SUBSTITUTE(SUBSTITUTE(TRIM(F9),"“",""""),"”",""""),1)="""",ISERROR(FIND(" ",SUBSTITUTE(SUBSTITUTE(TRIM(F9),"“",""""),"”","""")))),SUBSTITUTE(SUBSTITUTE(TRIM(F9),"“",""""),"”",""""),""""&SUBSTITUTE(SUBSTITUTE(TRIM(F9),"“",""""),"”","""")&""""))
B216: =IF(TRIM(B10)="","",IF(OR(LEFT(SUBSTITUTE(SUBSTITUTE(TRIM(B10),"“",""""),"”",""""),1)="""",ISERROR(FIND(" ",SUBSTITUTE(SUBSTITUTE(TRIM(B10),"“",""""),"”","""")))),SUBSTITUTE(SUBSTITUTE(TRIM(B10),"“",""""),"”",""""),""""&SUBSTITUTE(SUBSTITUTE(TRIM(B10),"“",""""),"”","""")&"""")) | C216: =IF(TRIM(C10)="","",IF(OR(LEFT(SUBSTITUTE(SUBSTITUTE(TRIM(C10),"“",""""),"”",""""),1)="""",ISERROR(FIND(" ",SUBSTITUTE(SUBSTITUTE(TRIM(C10),"“",""""),"”","""")))),SUBSTITUTE(SUBSTITUTE(TRIM(C10),"“",""""),"”",""""),""""&SUBSTITUTE(SUBSTITUTE(TRIM(C10),"“",""""),"”","""")&"""")) | D216: =IF(TRIM(D10)="","",IF(OR(LEFT(SUBSTITUTE(SUBSTITUTE(TRIM(D10),"“",""""),"”",""""),1)="""",ISERROR(FIND(" ",SUBSTITUTE(SUBSTITUTE(TRIM(D10),"“",""""),"”","""")))),SUBSTITUTE(SUBSTITUTE(TRIM(D10),"“",""""),"”",""""),""""&SUBSTITUTE(SUBSTITUTE(TRIM(D10),"“",""""),"”","""")&"""")) | E216: =IF(TRIM(E10)="","",IF(OR(LEFT(SUBSTITUTE(SUBSTITUTE(TRIM(E10),"“",""""),"”",""""),1)="""",ISERROR(FIND(" ",SUBSTITUTE(SUBSTITUTE(TRIM(E10),"“",""""),"”","""")))),SUBSTITUTE(SUBSTITUTE(TRIM(E10),"“",""""),"”",""""),""""&SUBSTITUTE(SUBSTITUTE(TRIM(E10),"“",""""),"”","""")&"""")) | F216: =IF(TRIM(F10)="","",IF(OR(LEFT(SUBSTITUTE(SUBSTITUTE(TRIM(F10),"“",""""),"”",""""),1)="""",ISERROR(FIND(" ",SUBSTITUTE(SUBSTITUTE(TRIM(F10),"“",""""),"”","""")))),SUBSTITUTE(SUBSTITUTE(TRIM(F10),"“",""""),"”",""""),""""&SUBSTITUTE(SUBSTITUTE(TRIM(F10),"“",""""),"”","""")&""""))
B217: =IF(TRIM(B11)="","",IF(OR(LEFT(SUBSTITUTE(SUBSTITUTE(TRIM(B11),"“",""""),"”",""""),1)="""",ISERROR(FIND(" ",SUBSTITUTE(SUBSTITUTE(TRIM(B11),"“",""""),"”","""")))),SUBSTITUTE(SUBSTITUTE(TRIM(B11),"“",""""),"”",""""),""""&SUBSTITUTE(SUBSTITUTE(TRIM(B11),"“",""""),"”","""")&"""")) | C217: =IF(TRIM(C11)="","",IF(OR(LEFT(SUBSTITUTE(SUBSTITUTE(TRIM(C11),"“",""""),"”",""""),1)="""",ISERROR(FIND(" ",SUBSTITUTE(SUBSTITUTE(TRIM(C11),"“",""""),"”","""")))),SUBSTITUTE(SUBSTITUTE(TRIM(C11),"“",""""),"”",""""),""""&SUBSTITUTE(SUBSTITUTE(TRIM(C11),"“",""""),"”","""")&"""")) | D217: =IF(TRIM(D11)="","",IF(OR(LEFT(SUBSTITUTE(SUBSTITUTE(TRIM(D11),"“",""""),"”",""""),1)="""",ISERROR(FIND(" ",SUBSTITUTE(SUBSTITUTE(TRIM(D11),"“",""""),"”","""")))),SUBSTITUTE(SUBSTITUTE(TRIM(D11),"“",""""),"”",""""),""""&SUBSTITUTE(SUBSTITUTE(TRIM(D11),"“",""""),"”","""")&"""")) | E217: =IF(TRIM(E11)="","",IF(OR(LEFT(SUBSTITUTE(SUBSTITUTE(TRIM(E11),"“",""""),"”",""""),1)="""",ISERROR(FIND(" ",SUBSTITUTE(SUBSTITUTE(TRIM(E11),"“",""""),"”","""")))),SUBSTITUTE(SUBSTITUTE(TRIM(E11),"“",""""),"”",""""),""""&SUBSTITUTE(SUBSTITUTE(TRIM(E11),"“",""""),"”","""")&"""")) | F217: =IF(TRIM(F11)="","",IF(OR(LEFT(SUBSTITUTE(SUBSTITUTE(TRIM(F11),"“",""""),"”",""""),1)="""",ISERROR(FIND(" ",SUBSTITUTE(SUBSTITUTE(TRIM(F11),"“",""""),"”","""")))),SUBSTITUTE(SUBSTITUTE(TRIM(F11),"“",""""),"”",""""),""""&SUBSTITUTE(SUBSTITUTE(TRIM(F11),"“",""""),"”","""")&""""))
B218: =IF(TRIM(B12)="","",IF(OR(LEFT(SUBSTITUTE(SUBSTITUTE(TRIM(B12),"“",""""),"”",""""),1)="""",ISERROR(FIND(" ",SUBSTITUTE(SUBSTITUTE(TRIM(B12),"“",""""),"”","""")))),SUBSTITUTE(SUBSTITUTE(TRIM(B12),"“",""""),"”",""""),""""&SUBSTITUTE(SUBSTITUTE(TRIM(B12),"“",""""),"”","""")&"""")) | C218: =IF(TRIM(C12)="","",IF(OR(LEFT(SUBSTITUTE(SUBSTITUTE(TRIM(C12),"“",""""),"”",""""),1)="""",ISERROR(FIND(" ",SUBSTITUTE(SUBSTITUTE(TRIM(C12),"“",""""),"”","""")))),SUBSTITUTE(SUBSTITUTE(TRIM(C12),"“",""""),"”",""""),""""&SUBSTITUTE(SUBSTITUTE(TRIM(C12),"“",""""),"”","""")&"""")) | D218: =IF(TRIM(D12)="","",IF(OR(LEFT(SUBSTITUTE(SUBSTITUTE(TRIM(D12),"“",""""),"”",""""),1)="""",ISERROR(FIND(" ",SUBSTITUTE(SUBSTITUTE(TRIM(D12),"“",""""),"”","""")))),SUBSTITUTE(SUBSTITUTE(TRIM(D12),"“",""""),"”",""""),""""&SUBSTITUTE(SUBSTITUTE(TRIM(D12),"“",""""),"”","""")&"""")) | E218: =IF(TRIM(E12)="","",IF(OR(LEFT(SUBSTITUTE(SUBSTITUTE(TRIM(E12),"“",""""),"”",""""),1)="""",ISERROR(FIND(" ",SUBSTITUTE(SUBSTITUTE(TRIM(E12),"“",""""),"”","""")))),SUBSTITUTE(SUBSTITUTE(TRIM(E12),"“",""""),"”",""""),""""&SUBSTITUTE(SUBSTITUTE(TRIM(E12),"“",""""),"”","""")&"""")) | F218: =IF(TRIM(F12)="","",IF(OR(LEFT(SUBSTITUTE(SUBSTITUTE(TRIM(F12),"“",""""),"”",""""),1)="""",ISERROR(FIND(" ",SUBSTITUTE(SUBSTITUTE(TRIM(F12),"“",""""),"”","""")))),SUBSTITUTE(SUBSTITUTE(TRIM(F12),"“",""""),"”",""""),""""&SUBSTITUTE(SUBSTITUTE(TRIM(F12),"“",""""),"”","""")&""""))
B219: =IF(TRIM(B13)="","",IF(OR(LEFT(SUBSTITUTE(SUBSTITUTE(TRIM(B13),"“",""""),"”",""""),1)="""",ISERROR(FIND(" ",SUBSTITUTE(SUBSTITUTE(TRIM(B13),"“",""""),"”","""")))),SUBSTITUTE(SUBSTITUTE(TRIM(B13),"“",""""),"”",""""),""""&SUBSTITUTE(SUBSTITUTE(TRIM(B13),"“",""""),"”","""")&"""")) | C219: =IF(TRIM(C13)="","",IF(OR(LEFT(SUBSTITUTE(SUBSTITUTE(TRIM(C13),"“",""""),"”",""""),1)="""",ISERROR(FIND(" ",SUBSTITUTE(SUBSTITUTE(TRIM(C13),"“",""""),"”","""")))),SUBSTITUTE(SUBSTITUTE(TRIM(C13),"“",""""),"”",""""),""""&SUBSTITUTE(SUBSTITUTE(TRIM(C13),"“",""""),"”","""")&"""")) | D219: =IF(TRIM(D13)="","",IF(OR(LEFT(SUBSTITUTE(SUBSTITUTE(TRIM(D13),"“",""""),"”",""""),1)="""",ISERROR(FIND(" ",SUBSTITUTE(SUBSTITUTE(TRIM(D13),"“",""""),"”","""")))),SUBSTITUTE(SUBSTITUTE(TRIM(D13),"“",""""),"”",""""),""""&SUBSTITUTE(SUBSTITUTE(TRIM(D13),"“",""""),"”","""")&"""")) | E219: =IF(TRIM(E13)="","",IF(OR(LEFT(SUBSTITUTE(SUBSTITUTE(TRIM(E13),"“",""""),"”",""""),1)="""",ISERROR(FIND(" ",SUBSTITUTE(SUBSTITUTE(TRIM(E13),"“",""""),"”","""")))),SUBSTITUTE(SUBSTITUTE(TRIM(E13),"“",""""),"”",""""),""""&SUBSTITUTE(SUBSTITUTE(TRIM(E13),"“",""""),"”","""")&"""")) | F219: =IF(TRIM(F13)="","",IF(OR(LEFT(SUBSTITUTE(SUBSTITUTE(TRIM(F13),"“",""""),"”",""""),1)="""",ISERROR(FIND(" ",SUBSTITUTE(SUBSTITUTE(TRIM(F13),"“",""""),"”","""")))),SUBSTITUTE(SUBSTITUTE(TRIM(F13),"“",""""),"”",""""),""""&SUBSTITUTE(SUBSTITUTE(TRIM(F13),"“",""""),"”","""")&""""))
B222: =B212 | C222: =C212 | D222: =D212 | E222: =E212 | F222: =F212
B223: =IF(B213="",B222,IF(B222="",B213,B222&" OR "&B213)) | C223: =IF(C213="",C222,IF(C222="",C213,C222&" OR "&C213)) | D223: =IF(D213="",D222,IF(D222="",D213,D222&" OR "&D213)) | E223: =IF(E213="",E222,IF(E222="",E213,E222&" OR "&E213)) | F223: =IF(F213="",F222,IF(F222="",F213,F222&" OR "&F213))
B224: =IF(B214="",B223,IF(B223="",B214,B223&" OR "&B214)) | C224: =IF(C214="",C223,IF(C223="",C214,C223&" OR "&C214)) | D224: =IF(D214="",D223,IF(D223="",D214,D223&" OR "&D214)) | E224: =IF(E214="",E223,IF(E223="",E214,E223&" OR "&E214)) | F224: =IF(F214="",F223,IF(F223="",F214,F223&" OR "&F214))
B225: =IF(B215="",B224,IF(B224="",B215,B224&" OR "&B215)) | C225: =IF(C215="",C224,IF(C224="",C215,C224&" OR "&C215)) | D225: =IF(D215="",D224,IF(D224="",D215,D224&" OR "&D215)) | E225: =IF(E215="",E224,IF(E224="",E215,E224&" OR "&E215)) | F225: =IF(F215="",F224,IF(F224="",F215,F224&" OR "&F215))
B226: =IF(B216="",B225,IF(B225="",B216,B225&" OR "&B216)) | C226: =IF(C216="",C225,IF(C225="",C216,C225&" OR "&C216)) | D226: =IF(D216="",D225,IF(D225="",D216,D225&" OR "&D216)) | E226: =IF(E216="",E225,IF(E225="",E216,E225&" OR "&E216)) | F226: =IF(F216="",F225,IF(F225="",F216,F225&" OR "&F216))
B227: =IF(B217="",B226,IF(B226="",B217,B226&" OR "&B217)) | C227: =IF(C217="",C226,IF(C226="",C217,C226&" OR "&C217)) | D227: =IF(D217="",D226,IF(D226="",D217,D226&" OR "&D217)) | E227: =IF(E217="",E226,IF(E226="",E217,E226&" OR "&E217)) | F227: =IF(F217="",F226,IF(F226="",F217,F226&" OR "&F217))
B228: =IF(B218="",B227,IF(B227="",B218,B227&" OR "&B218)) | C228: =IF(C218="",C227,IF(C227="",C218,C227&" OR "&C218)) | D228: =IF(D218="",D227,IF(D227="",D218,D227&" OR "&D218)) | E228: =IF(E218="",E227,IF(E227="",E218,E227&" OR "&E218)) | F228: =IF(F218="",F227,IF(F227="",F218,F227&" OR "&F218))
B229: =IF(B219="",B228,IF(B228="",B219,B228&" OR "&B219)) | C229: =IF(C219="",C228,IF(C228="",C219,C228&" OR "&C219)) | D229: =IF(D219="",D228,IF(D228="",D219,D228&" OR "&D219)) | E229: =IF(E219="",E228,IF(E228="",E219,E228&" OR "&E219)) | F229: =IF(F219="",F228,IF(F228="",F219,F228&" OR "&F219))
B232: =B14 | C232: =IF(C14="",B232,IF(B232="",C14,B232&" AND "&C14)) | D232: =IF(D14="",C232,IF(C232="",D14,C232&" AND "&D14)) | E232: =IF(E14="",D232,IF(D232="",E14,D232&" AND "&E14)) | F232: =IF(F14="",E232,IF(E232="",F14,E232&" AND "&F14))
B275: =IF(TRIM(B27)="","",IF(OR(LEFT(SUBSTITUTE(SUBSTITUTE(TRIM(B27),"“",""""),"”",""""),1)="""",ISERROR(FIND(" ",SUBSTITUTE(SUBSTITUTE(TRIM(B27),"“",""""),"”","""")))),SUBSTITUTE(SUBSTITUTE(TRIM(B27),"“",""""),"”",""""),""""&SUBSTITUTE(SUBSTITUTE(TRIM(B27),"“",""""),"”","""")&"""")) | C275: =IF(TRIM(C27)="","",IF(OR(LEFT(SUBSTITUTE(SUBSTITUTE(TRIM(C27),"“",""""),"”",""""),1)="""",ISERROR(FIND(" ",SUBSTITUTE(SUBSTITUTE(TRIM(C27),"“",""""),"”","""")))),SUBSTITUTE(SUBSTITUTE(TRIM(C27),"“",""""),"”",""""),""""&SUBSTITUTE(SUBSTITUTE(TRIM(C27),"“",""""),"”","""")&"""")) | D275: =IF(TRIM(D27)="","",IF(OR(LEFT(SUBSTITUTE(SUBSTITUTE(TRIM(D27),"“",""""),"”",""""),1)="""",ISERROR(FIND(" ",SUBSTITUTE(SUBSTITUTE(TRIM(D27),"“",""""),"”","""")))),SUBSTITUTE(SUBSTITUTE(TRIM(D27),"“",""""),"”",""""),""""&SUBSTITUTE(SUBSTITUTE(TRIM(D27),"“",""""),"”","""")&"""")) | E275: =IF(TRIM(E27)="","",IF(OR(LEFT(SUBSTITUTE(SUBSTITUTE(TRIM(E27),"“",""""),"”",""""),1)="""",ISERROR(FIND(" ",SUBSTITUTE(SUBSTITUTE(TRIM(E27),"“",""""),"”","""")))),SUBSTITUTE(SUBSTITUTE(TRIM(E27),"“",""""),"”",""""),""""&SUBSTITUTE(SUBSTITUTE(TRIM(E27),"“",""""),"”","""")&"""")) | F275: =IF(TRIM(F27)="","",IF(OR(LEFT(SUBSTITUTE(SUBSTITUTE(TRIM(F27),"“",""""),"”",""""),1)="""",ISERROR(FIND(" ",SUBSTITUTE(SUBSTITUTE(TRIM(F27),"“",""""),"”","""")))),SUBSTITUTE(SUBSTITUTE(TRIM(F27),"“",""""),"”",""""),""""&SUBSTITUTE(SUBSTITUTE(TRIM(F27),"“",""""),"”","""")&""""))
B276: =IF(TRIM(B28)="","",IF(OR(LEFT(SUBSTITUTE(SUBSTITUTE(TRIM(B28),"“",""""),"”",""""),1)="""",ISERROR(FIND(" ",SUBSTITUTE(SUBSTITUTE(TRIM(B28),"“",""""),"”","""")))),SUBSTITUTE(SUBSTITUTE(TRIM(B28),"“",""""),"”",""""),""""&SUBSTITUTE(SUBSTITUTE(TRIM(B28),"“",""""),"”","""")&"""")) | C276: =IF(TRIM(C28)="","",IF(OR(LEFT(SUBSTITUTE(SUBSTITUTE(TRIM(C28),"“",""""),"”",""""),1)="""",ISERROR(FIND(" ",SUBSTITUTE(SUBSTITUTE(TRIM(C28),"“",""""),"”","""")))),SUBSTITUTE(SUBSTITUTE(TRIM(C28),"“",""""),"”",""""),""""&SUBSTITUTE(SUBSTITUTE(TRIM(C28),"“",""""),"”","""")&"""")) | D276: =IF(TRIM(D28)="","",IF(OR(LEFT(SUBSTITUTE(SUBSTITUTE(TRIM(D28),"“",""""),"”",""""),1)="""",ISERROR(FIND(" ",SUBSTITUTE(SUBSTITUTE(TRIM(D28),"“",""""),"”","""")))),SUBSTITUTE(SUBSTITUTE(TRIM(D28),"“",""""),"”",""""),""""&SUBSTITUTE(SUBSTITUTE(TRIM(D28),"“",""""),"”","""")&"""")) | E276: =IF(TRIM(E28)="","",IF(OR(LEFT(SUBSTITUTE(SUBSTITUTE(TRIM(E28),"“",""""),"”",""""),1)="""",ISERROR(FIND(" ",SUBSTITUTE(SUBSTITUTE(TRIM(E28),"“",""""),"”","""")))),SUBSTITUTE(SUBSTITUTE(TRIM(E28),"“",""""),"”",""""),""""&SUBSTITUTE(SUBSTITUTE(TRIM(E28),"“",""""),"”","""")&"""")) | F276: =IF(TRIM(F28)="","",IF(OR(LEFT(SUBSTITUTE(SUBSTITUTE(TRIM(F28),"“",""""),"”",""""),1)="""",ISERROR(FIND(" ",SUBSTITUTE(SUBSTITUTE(TRIM(F28),"“",""""),"”","""")))),SUBSTITUTE(SUBSTITUTE(TRIM(F28),"“",""""),"”",""""),""""&SUBSTITUTE(SUBSTITUTE(TRIM(F28),"“",""""),"”","""")&""""))
B277: =IF(TRIM(B29)="","",IF(OR(LEFT(SUBSTITUTE(SUBSTITUTE(TRIM(B29),"“",""""),"”",""""),1)="""",ISERROR(FIND(" ",SUBSTITUTE(SUBSTITUTE(TRIM(B29),"“",""""),"”","""")))),SUBSTITUTE(SUBSTITUTE(TRIM(B29),"“",""""),"”",""""),""""&SUBSTITUTE(SUBSTITUTE(TRIM(B29),"“",""""),"”","""")&"""")) | C277: =IF(TRIM(C29)="","",IF(OR(LEFT(SUBSTITUTE(SUBSTITUTE(TRIM(C29),"“",""""),"”",""""),1)="""",ISERROR(FIND(" ",SUBSTITUTE(SUBSTITUTE(TRIM(C29),"“",""""),"”","""")))),SUBSTITUTE(SUBSTITUTE(TRIM(C29),"“",""""),"”",""""),""""&SUBSTITUTE(SUBSTITUTE(TRIM(C29),"“",""""),"”","""")&"""")) | D277: =IF(TRIM(D29)="","",IF(OR(LEFT(SUBSTITUTE(SUBSTITUTE(TRIM(D29),"“",""""),"”",""""),1)="""",ISERROR(FIND(" ",SUBSTITUTE(SUBSTITUTE(TRIM(D29),"“",""""),"”","""")))),SUBSTITUTE(SUBSTITUTE(TRIM(D29),"“",""""),"”",""""),""""&SUBSTITUTE(SUBSTITUTE(TRIM(D29),"“",""""),"”","""")&"""")) | E277: =IF(TRIM(E29)="","",IF(OR(LEFT(SUBSTITUTE(SUBSTITUTE(TRIM(E29),"“",""""),"”",""""),1)="""",ISERROR(FIND(" ",SUBSTITUTE(SUBSTITUTE(TRIM(E29),"“",""""),"”","""")))),SUBSTITUTE(SUBSTITUTE(TRIM(E29),"“",""""),"”",""""),""""&SUBSTITUTE(SUBSTITUTE(TRIM(E29),"“",""""),"”","""")&"""")) | F277: =IF(TRIM(F29)="","",IF(OR(LEFT(SUBSTITUTE(SUBSTITUTE(TRIM(F29),"“",""""),"”",""""),1)="""",ISERROR(FIND(" ",SUBSTITUTE(SUBSTITUTE(TRIM(F29),"“",""""),"”","""")))),SUBSTITUTE(SUBSTITUTE(TRIM(F29),"“",""""),"”",""""),""""&SUBSTITUTE(SUBSTITUTE(TRIM(F29),"“",""""),"”","""")&""""))
B278: =IF(TRIM(B30)="","",IF(OR(LEFT(SUBSTITUTE(SUBSTITUTE(TRIM(B30),"“",""""),"”",""""),1)="""",ISERROR(FIND(" ",SUBSTITUTE(SUBSTITUTE(TRIM(B30),"“",""""),"”","""")))),SUBSTITUTE(SUBSTITUTE(TRIM(B30),"“",""""),"”",""""),""""&SUBSTITUTE(SUBSTITUTE(TRIM(B30),"“",""""),"”","""")&"""")) | C278: =IF(TRIM(C30)="","",IF(OR(LEFT(SUBSTITUTE(SUBSTITUTE(TRIM(C30),"“",""""),"”",""""),1)="""",ISERROR(FIND(" ",SUBSTITUTE(SUBSTITUTE(TRIM(C30),"“",""""),"”","""")))),SUBSTITUTE(SUBSTITUTE(TRIM(C30),"“",""""),"”",""""),""""&SUBSTITUTE(SUBSTITUTE(TRIM(C30),"“",""""),"”","""")&"""")) | D278: =IF(TRIM(D30)="","",IF(OR(LEFT(SUBSTITUTE(SUBSTITUTE(TRIM(D30),"“",""""),"”",""""),1)="""",ISERROR(FIND(" ",SUBSTITUTE(SUBSTITUTE(TRIM(D30),"“",""""),"”","""")))),SUBSTITUTE(SUBSTITUTE(TRIM(D30),"“",""""),"”",""""),""""&SUBSTITUTE(SUBSTITUTE(TRIM(D30),"“",""""),"”","""")&"""")) | E278: =IF(TRIM(E30)="","",IF(OR(LEFT(SUBSTITUTE(SUBSTITUTE(TRIM(E30),"“",""""),"”",""""),1)="""",ISERROR(FIND(" ",SUBSTITUTE(SUBSTITUTE(TRIM(E30),"“",""""),"”","""")))),SUBSTITUTE(SUBSTITUTE(TRIM(E30),"“",""""),"”",""""),""""&SUBSTITUTE(SUBSTITUTE(TRIM(E30),"“",""""),"”","""")&"""")) | F278: =IF(TRIM(F30)="","",IF(OR(LEFT(SUBSTITUTE(SUBSTITUTE(TRIM(F30),"“",""""),"”",""""),1)="""",ISERROR(FIND(" ",SUBSTITUTE(SUBSTITUTE(TRIM(F30),"“",""""),"”","""")))),SUBSTITUTE(SUBSTITUTE(TRIM(F30),"“",""""),"”",""""),""""&SUBSTITUTE(SUBSTITUTE(TRIM(F30),"“",""""),"”","""")&""""))
B279: =IF(TRIM(B31)="","",IF(OR(LEFT(SUBSTITUTE(SUBSTITUTE(TRIM(B31),"“",""""),"”",""""),1)="""",ISERROR(FIND(" ",SUBSTITUTE(SUBSTITUTE(TRIM(B31),"“",""""),"”","""")))),SUBSTITUTE(SUBSTITUTE(TRIM(B31),"“",""""),"”",""""),""""&SUBSTITUTE(SUBSTITUTE(TRIM(B31),"“",""""),"”","""")&"""")) | C279: =IF(TRIM(C31)="","",IF(OR(LEFT(SUBSTITUTE(SUBSTITUTE(TRIM(C31),"“",""""),"”",""""),1)="""",ISERROR(FIND(" ",SUBSTITUTE(SUBSTITUTE(TRIM(C31),"“",""""),"”","""")))),SUBSTITUTE(SUBSTITUTE(TRIM(C31),"“",""""),"”",""""),""""&SUBSTITUTE(SUBSTITUTE(TRIM(C31),"“",""""),"”","""")&"""")) | D279: =IF(TRIM(D31)="","",IF(OR(LEFT(SUBSTITUTE(SUBSTITUTE(TRIM(D31),"“",""""),"”",""""),1)="""",ISERROR(FIND(" ",SUBSTITUTE(SUBSTITUTE(TRIM(D31),"“",""""),"”","""")))),SUBSTITUTE(SUBSTITUTE(TRIM(D31),"“",""""),"”",""""),""""&SUBSTITUTE(SUBSTITUTE(TRIM(D31),"“",""""),"”","""")&"""")) | E279: =IF(TRIM(E31)="","",IF(OR(LEFT(SUBSTITUTE(SUBSTITUTE(TRIM(E31),"“",""""),"”",""""),1)="""",ISERROR(FIND(" ",SUBSTITUTE(SUBSTITUTE(TRIM(E31),"“",""""),"”","""")))),SUBSTITUTE(SUBSTITUTE(TRIM(E31),"“",""""),"”",""""),""""&SUBSTITUTE(SUBSTITUTE(TRIM(E31),"“",""""),"”","""")&"""")) | F279: =IF(TRIM(F31)="","",IF(OR(LEFT(SUBSTITUTE(SUBSTITUTE(TRIM(F31),"“",""""),"”",""""),1)="""",ISERROR(FIND(" ",SUBSTITUTE(SUBSTITUTE(TRIM(F31),"“",""""),"”","""")))),SUBSTITUTE(SUBSTITUTE(TRIM(F31),"“",""""),"”",""""),""""&SUBSTITUTE(SUBSTITUTE(TRIM(F31),"“",""""),"”","""")&""""))
B280: =IF(TRIM(B32)="","",IF(OR(LEFT(SUBSTITUTE(SUBSTITUTE(TRIM(B32),"“",""""),"”",""""),1)="""",ISERROR(FIND(" ",SUBSTITUTE(SUBSTITUTE(TRIM(B32),"“",""""),"”","""")))),SUBSTITUTE(SUBSTITUTE(TRIM(B32),"“",""""),"”",""""),""""&SUBSTITUTE(SUBSTITUTE(TRIM(B32),"“",""""),"”","""")&"""")) | C280: =IF(TRIM(C32)="","",IF(OR(LEFT(SUBSTITUTE(SUBSTITUTE(TRIM(C32),"“",""""),"”",""""),1)="""",ISERROR(FIND(" ",SUBSTITUTE(SUBSTITUTE(TRIM(C32),"“",""""),"”","""")))),SUBSTITUTE(SUBSTITUTE(TRIM(C32),"“",""""),"”",""""),""""&SUBSTITUTE(SUBSTITUTE(TRIM(C32),"“",""""),"”","""")&"""")) | D280: =IF(TRIM(D32)="","",IF(OR(LEFT(SUBSTITUTE(SUBSTITUTE(TRIM(D32),"“",""""),"”",""""),1)="""",ISERROR(FIND(" ",SUBSTITUTE(SUBSTITUTE(TRIM(D32),"“",""""),"”","""")))),SUBSTITUTE(SUBSTITUTE(TRIM(D32),"“",""""),"”",""""),""""&SUBSTITUTE(SUBSTITUTE(TRIM(D32),"“",""""),"”","""")&"""")) | E280: =IF(TRIM(E32)="","",IF(OR(LEFT(SUBSTITUTE(SUBSTITUTE(TRIM(E32),"“",""""),"”",""""),1)="""",ISERROR(FIND(" ",SUBSTITUTE(SUBSTITUTE(TRIM(E32),"“",""""),"”","""")))),SUBSTITUTE(SUBSTITUTE(TRIM(E32),"“",""""),"”",""""),""""&SUBSTITUTE(SUBSTITUTE(TRIM(E32),"“",""""),"”","""")&"""")) | F280: =IF(TRIM(F32)="","",IF(OR(LEFT(SUBSTITUTE(SUBSTITUTE(TRIM(F32),"“",""""),"”",""""),1)="""",ISERROR(FIND(" ",SUBSTITUTE(SUBSTITUTE(TRIM(F32),"“",""""),"”","""")))),SUBSTITUTE(SUBSTITUTE(TRIM(F32),"“",""""),"”",""""),""""&SUBSTITUTE(SUBSTITUTE(TRIM(F32),"“",""""),"”","""")&""""))
B281: =IF(TRIM(B33)="","",IF(OR(LEFT(SUBSTITUTE(SUBSTITUTE(TRIM(B33),"“",""""),"”",""""),1)="""",ISERROR(FIND(" ",SUBSTITUTE(SUBSTITUTE(TRIM(B33),"“",""""),"”","""")))),SUBSTITUTE(SUBSTITUTE(TRIM(B33),"“",""""),"”",""""),""""&SUBSTITUTE(SUBSTITUTE(TRIM(B33),"“",""""),"”","""")&"""")) | C281: =IF(TRIM(C33)="","",IF(OR(LEFT(SUBSTITUTE(SUBSTITUTE(TRIM(C33),"“",""""),"”",""""),1)="""",ISERROR(FIND(" ",SUBSTITUTE(SUBSTITUTE(TRIM(C33),"“",""""),"”","""")))),SUBSTITUTE(SUBSTITUTE(TRIM(C33),"“",""""),"”",""""),""""&SUBSTITUTE(SUBSTITUTE(TRIM(C33),"“",""""),"”","""")&"""")) | D281: =IF(TRIM(D33)="","",IF(OR(LEFT(SUBSTITUTE(SUBSTITUTE(TRIM(D33),"“",""""),"”",""""),1)="""",ISERROR(FIND(" ",SUBSTITUTE(SUBSTITUTE(TRIM(D33),"“",""""),"”","""")))),SUBSTITUTE(SUBSTITUTE(TRIM(D33),"“",""""),"”",""""),""""&SUBSTITUTE(SUBSTITUTE(TRIM(D33),"“",""""),"”","""")&"""")) | E281: =IF(TRIM(E33)="","",IF(OR(LEFT(SUBSTITUTE(SUBSTITUTE(TRIM(E33),"“",""""),"”",""""),1)="""",ISERROR(FIND(" ",SUBSTITUTE(SUBSTITUTE(TRIM(E33),"“",""""),"”","""")))),SUBSTITUTE(SUBSTITUTE(TRIM(E33),"“",""""),"”",""""),""""&SUBSTITUTE(SUBSTITUTE(TRIM(E33),"“",""""),"”","""")&"""")) | F281: =IF(TRIM(F33)="","",IF(OR(LEFT(SUBSTITUTE(SUBSTITUTE(TRIM(F33),"“",""""),"”",""""),1)="""",ISERROR(FIND(" ",SUBSTITUTE(SUBSTITUTE(TRIM(F33),"“",""""),"”","""")))),SUBSTITUTE(SUBSTITUTE(TRIM(F33),"“",""""),"”",""""),""""&SUBSTITUTE(SUBSTITUTE(TRIM(F33),"“",""""),"”","""")&""""))
B282: =IF(TRIM(B34)="","",IF(OR(LEFT(SUBSTITUTE(SUBSTITUTE(TRIM(B34),"“",""""),"”",""""),1)="""",ISERROR(FIND(" ",SUBSTITUTE(SUBSTITUTE(TRIM(B34),"“",""""),"”","""")))),SUBSTITUTE(SUBSTITUTE(TRIM(B34),"“",""""),"”",""""),""""&SUBSTITUTE(SUBSTITUTE(TRIM(B34),"“",""""),"”","""")&"""")) | C282: =IF(TRIM(C34)="","",IF(OR(LEFT(SUBSTITUTE(SUBSTITUTE(TRIM(C34),"“",""""),"”",""""),1)="""",ISERROR(FIND(" ",SUBSTITUTE(SUBSTITUTE(TRIM(C34),"“",""""),"”","""")))),SUBSTITUTE(SUBSTITUTE(TRIM(C34),"“",""""),"”",""""),""""&SUBSTITUTE(SUBSTITUTE(TRIM(C34),"“",""""),"”","""")&"""")) | D282: =IF(TRIM(D34)="","",IF(OR(LEFT(SUBSTITUTE(SUBSTITUTE(TRIM(D34),"“",""""),"”",""""),1)="""",ISERROR(FIND(" ",SUBSTITUTE(SUBSTITUTE(TRIM(D34),"“",""""),"”","""")))),SUBSTITUTE(SUBSTITUTE(TRIM(D34),"“",""""),"”",""""),""""&SUBSTITUTE(SUBSTITUTE(TRIM(D34),"“",""""),"”","""")&"""")) | E282: =IF(TRIM(E34)="","",IF(OR(LEFT(SUBSTITUTE(SUBSTITUTE(TRIM(E34),"“",""""),"”",""""),1)="""",ISERROR(FIND(" ",SUBSTITUTE(SUBSTITUTE(TRIM(E34),"“",""""),"”","""")))),SUBSTITUTE(SUBSTITUTE(TRIM(E34),"“",""""),"”",""""),""""&SUBSTITUTE(SUBSTITUTE(TRIM(E34),"“",""""),"”","""")&"""")) | F282: =IF(TRIM(F34)="","",IF(OR(LEFT(SUBSTITUTE(SUBSTITUTE(TRIM(F34),"“",""""),"”",""""),1)="""",ISERROR(FIND(" ",SUBSTITUTE(SUBSTITUTE(TRIM(F34),"“",""""),"”","""")))),SUBSTITUTE(SUBSTITUTE(TRIM(F34),"“",""""),"”",""""),""""&SUBSTITUTE(SUBSTITUTE(TRIM(F34),"“",""""),"”","""")&""""))
B285: =B275 | C285: =C275 | D285: =D275 | E285: =E275 | F285: =F275
B286: =IF(B276="",B285,IF(B285="",B276,B285&" OR "&B276)) | C286: =IF(C276="",C285,IF(C285="",C276,C285&" OR "&C276)) | D286: =IF(D276="",D285,IF(D285="",D276,D285&" OR "&D276)) | E286: =IF(E276="",E285,IF(E285="",E276,E285&" OR "&E276)) | F286: =IF(F276="",F285,IF(F285="",F276,F285&" OR "&F276))
B287: =IF(B277="",B286,IF(B286="",B277,B286&" OR "&B277)) | C287: =IF(C277="",C286,IF(C286="",C277,C286&" OR "&C277)) | D287: =IF(D277="",D286,IF(D286="",D277,D286&" OR "&D277)) | E287: =IF(E277="",E286,IF(E286="",E277,E286&" OR "&E277)) | F287: =IF(F277="",F286,IF(F286="",F277,F286&" OR "&F277))
B288: =IF(B278="",B287,IF(B287="",B278,B287&" OR "&B278)) | C288: =IF(C278="",C287,IF(C287="",C278,C287&" OR "&C278)) | D288: =IF(D278="",D287,IF(D287="",D278,D287&" OR "&D278)) | E288: =IF(E278="",E287,IF(E287="",E278,E287&" OR "&E278)) | F288: =IF(F278="",F287,IF(F287="",F278,F287&" OR "&F278))
B289: =IF(B279="",B288,IF(B288="",B279,B288&" OR "&B279)) | C289: =IF(C279="",C288,IF(C288="",C279,C288&" OR "&C279)) | D289: =IF(D279="",D288,IF(D288="",D279,D288&" OR "&D279)) | E289: =IF(E279="",E288,IF(E288="",E279,E288&" OR "&E279)) | F289: =IF(F279="",F288,IF(F288="",F279,F288&" OR "&F279))
B290: =IF(B280="",B289,IF(B289="",B280,B289&" OR "&B280)) | C290: =IF(C280="",C289,IF(C289="",C280,C289&" OR "&C280)) | D290: =IF(D280="",D289,IF(D289="",D280,D289&" OR "&D280)) | E290: =IF(E280="",E289,IF(E289="",E280,E289&" OR "&E280)) | F290: =IF(F280="",F289,IF(F289="",F280,F289&" OR "&F280))
B291: =IF(B281="",B290,IF(B290="",B281,B290&" OR "&B281)) | C291: =IF(C281="",C290,IF(C290="",C281,C290&" OR "&C281)) | D291: =IF(D281="",D290,IF(D290="",D281,D290&" OR "&D281)) | E291: =IF(E281="",E290,IF(E290="",E281,E290&" OR "&E281)) | F291: =IF(F281="",F290,IF(F290="",F281,F290&" OR "&F281))
B292: =IF(B282="",B291,IF(B291="",B282,B291&" OR "&B282)) | C292: =IF(C282="",C291,IF(C291="",C282,C291&" OR "&C282)) | D292: =IF(D282="",D291,IF(D291="",D282,D291&" OR "&D282)) | E292: =IF(E282="",E291,IF(E291="",E282,E291&" OR "&E282)) | F292: =IF(F282="",F291,IF(F291="",F282,F291&" OR "&F282))
B295: =B35 | C295: =IF(C35="",B295,IF(B295="",C35,B295&" AND "&C35)) | D295: =IF(D35="",C295,IF(C295="",D35,C295&" AND "&D35)) | E295: =IF(E35="",D295,IF(D295="",E35,D295&" AND "&E35)) | F295: =IF(F35="",E295,IF(E295="",F35,E295&" AND "&F35))

Sheet 1_Αναζήτηση
A1: Ημερολόγιο αναζήτησης
A2: Μία γραμμή ανά αναζήτηση. Αντιγράψτε τη συμβολοσειρά όπως ακριβώς εκτελέστηκε στη βάση. Στη στήλη «Τελική;» γράψτε ΝΑΙ μόνο στην τελική αναζήτηση κάθε βάσης: μόνο αυτές αθροίζονται στο PRISMA.
A4: Α/Α | B4: Βάση δεδομένων | C4: Ημερομηνία αναζήτησης | D4: Συμβολοσειρά αναζήτησης (όπως εκτελέστηκε) | E4: Φίλτρα | F4: Αποτελέσματα (n) | G4: Σημειώσεις | H4: Τελική; (ΝΑΙ/ΟΧΙ)
A5: 1 | B5: Scopus | C5: 2026-12-10 | D5: TITLE-ABS-KEY(("learning analytics") AND (dashboard* OR "visual analytics") AND ("self-regulat*" OR SRL) AND ("higher education" OR universit* OR undergraduate*)) AND PUBYEAR > 2018 AND LANGUAGE(english) | E5: έτος 2019 και μετά, αγγλικά, άρθρα και συνέδρια | F5: 230 | G5: Παράδειγμα: διαγράψτε το πριν ξεκινήσετε. | H5: ΝΑΙ
E27: Σύνολο εγγραφών των τελικών αναζητήσεων | F27: =SUMIF(H5:H25,"ΝΑΙ",F5:F25)

Sheet 2_Επιλογή
A1: Επιλογή μελετών σε δύο στάδια
A2: Στάδιο 1: τίτλος και περίληψη, ανεξάρτητα από τα δύο μέλη της δυάδας (ατομικά, μόνο η στήλη «Μέλος Α»). Στάδιο 2: πλήρες κείμενο. Κάθε αποκλεισμός στο Στάδιο 2 χρειάζεται λόγο. Στην τελική απόφαση του Σταδίου 1, το ΙΣΩΣ γράφεται ΝΑΙ: η εγγραφή περνά στο πλήρες κείμενο.
A4: ID | B4: Συγγραφείς | C4: Έτος | D4: Τίτλος | E4: Βάση δεδομένων | F4: Διπλοεγγραφή; | G4: Στάδιο 1: Μέλος Α | H4: Στάδιο 1: Μέλος Β | I4: Συμφωνία; | J4: Στάδιο 1: τελική απόφαση | K4: Πλήρες κείμενο βρέθηκε; | L4: Στάδιο 2: τελική απόφαση | M4: Λόγος αποκλεισμού (Στάδιο 2)
A5: 1 | B5: Herodotou, C., Rienties, B., Boroowa, A., Zdrahal, Z., & Hlosta, M. | C5: 2019 | D5: A large-scale implementation of predictive learning analytics in higher education: the teachers' role and perspective | E5: Scopus | F5: ΟΧΙ | G5: ΝΑΙ | H5: ΝΑΙ | I5: =IF(OR(G5="",H5=""),"",IF(G5=H5,"ΝΑΙ","ΣΥΖΗΤΗΣΗ")) | J5: ΝΑΙ | K5: ΝΑΙ | L5: ΕΝΤΑΞΗ
A6: 2 | B6: Herodotou, C., Rienties, B., Boroowa, A., Zdrahal, Z., & Hlosta, M. | C6: 2019 | D6: A large-scale implementation of predictive learning analytics in higher education: the teachers' role and perspective | E6: ERIC | F6: ΝΑΙ | I6: =IF(OR(G6="",H6=""),"",IF(G6=H6,"ΝΑΙ","ΣΥΖΗΤΗΣΗ"))
A7: 3 | B7: Kaliisa, R., Misiejuk, K., López-Pernas, S., Khalil, M., & Saqr, M. | C7: 2024 | D7: Have learning analytics dashboards lived up to the hype? A systematic review of impact on students' achievement, motivation, participation and attitude | E7: ACM Digital Library | F7: ΟΧΙ | G7: ΝΑΙ | H7: ΟΧΙ | I7: =IF(OR(G7="",H7=""),"",IF(G7=H7,"ΝΑΙ","ΣΥΖΗΤΗΣΗ")) | J7: ΝΑΙ | K7: ΝΑΙ | L7: ΑΠΟΚΛΕΙΣΜΟΣ | M7: Ανασκόπηση
I8: =IF(OR(G8="",H8=""),"",IF(G8=H8,"ΝΑΙ","ΣΥΖΗΤΗΣΗ"))
I9: =IF(OR(G9="",H9=""),"",IF(G9=H9,"ΝΑΙ","ΣΥΖΗΤΗΣΗ"))
I10: =IF(OR(G10="",H10=""),"",IF(G10=H10,"ΝΑΙ","ΣΥΖΗΤΗΣΗ"))
I11: =IF(OR(G11="",H11=""),"",IF(G11=H11,"ΝΑΙ","ΣΥΖΗΤΗΣΗ"))
I12: =IF(OR(G12="",H12=""),"",IF(G12=H12,"ΝΑΙ","ΣΥΖΗΤΗΣΗ"))
I13: =IF(OR(G13="",H13=""),"",IF(G13=H13,"ΝΑΙ","ΣΥΖΗΤΗΣΗ"))
I14: =IF(OR(G14="",H14=""),"",IF(G14=H14,"ΝΑΙ","ΣΥΖΗΤΗΣΗ"))
I15: =IF(OR(G15="",H15=""),"",IF(G15=H15,"ΝΑΙ","ΣΥΖΗΤΗΣΗ"))
I16: =IF(OR(G16="",H16=""),"",IF(G16=H16,"ΝΑΙ","ΣΥΖΗΤΗΣΗ"))
I17: =IF(OR(G17="",H17=""),"",IF(G17=H17,"ΝΑΙ","ΣΥΖΗΤΗΣΗ"))
I18: =IF(OR(G18="",H18=""),"",IF(G18=H18,"ΝΑΙ","ΣΥΖΗΤΗΣΗ"))
I19: =IF(OR(G19="",H19=""),"",IF(G19=H19,"ΝΑΙ","ΣΥΖΗΤΗΣΗ"))
... I2004: =IF(OR(G2004="",H2004=""),"",IF(G2004=H2004,"ΝΑΙ","ΣΥΖΗΤΗΣΗ"))

Sheet PRISMA_αριθμοί
A1: Αριθμοί για το διάγραμμα ροής PRISMA 2020
A2: Υπολογίζονται αυτόματα από το φύλλο 2_Επιλογή. Μην γράφετε σε αυτό το φύλλο.
A4: Φάση | B4: Μέγεθος | C4: n | D4: Έλεγχος
A5: Εντοπισμός | B5: Εγγραφές που εντοπίστηκαν (γραμμές στο φύλλο 2_Επιλογή) | C5: =COUNTA('2_Επιλογή'!B5:B2004) | D5: =IF(C5='1_Αναζήτηση'!F27,"Συμφωνεί με το ημερολόγιο αναζήτησης","Διαφέρει από το ημερολόγιο: ελέγξτε ότι καταχωρίσατε όλες τις εγγραφές")
B6: Αφαιρέθηκαν πριν από τον έλεγχο: διπλοεγγραφές | C6: =COUNTIF('2_Επιλογή'!F5:F2004,"ΝΑΙ")
A7: Έλεγχος | B7: Εγγραφές που ελέγχθηκαν με βάση τίτλο και περίληψη | C7: =C5-C6 | D7: =IF(C7=C8+C9,"Αθροίζει","Εκκρεμούν αποφάσεις στο Στάδιο 1")
B8: Αποκλείστηκαν στο Στάδιο 1 | C8: =COUNTIF('2_Επιλογή'!J5:J2004,"ΟΧΙ")
B9: Πλήρη κείμενα που αναζητήθηκαν | C9: =COUNTIF('2_Επιλογή'!J5:J2004,"ΝΑΙ")
B10: Πλήρη κείμενα που δεν ανακτήθηκαν | C10: =COUNTIF('2_Επιλογή'!K5:K2004,"ΟΧΙ")
B11: Πλήρη κείμενα που αξιολογήθηκαν | C11: =C9-C10 | D11: =IF(C11=C12+C13,"Αθροίζει","Εκκρεμούν αποφάσεις στο Στάδιο 2")
B12: Αποκλείστηκαν με αιτιολογία στο Στάδιο 2 | C12: =COUNTIF('2_Επιλογή'!L5:L2004,"ΑΠΟΚΛΕΙΣΜΟΣ")
A13: Ένταξη | B13: Μελέτες που εντάχθηκαν στην ανασκόπηση | C13: =COUNTIF('2_Επιλογή'!L5:L2004,"ΕΝΤΑΞΗ")
A16: Λόγοι αποκλεισμού στο Στάδιο 2
B17: Όχι εμπειρική μελέτη | C17: =COUNTIF('2_Επιλογή'!M5:M2004,B17)
B18: Εκτός πληθυσμού ή πλαισίου | C18: =COUNTIF('2_Επιλογή'!M5:M2004,B18)
B19: Εκτός έννοιας ενδιαφέροντος | C19: =COUNTIF('2_Επιλογή'!M5:M2004,B19)
B20: Ανασκόπηση | C20: =COUNTIF('2_Επιλογή'!M5:M2004,B20)
A23: Μελέτες που εντάχθηκαν, ανά έτος (από το φύλλο 3_Εξαγωγή)
B24: 2019 | C24: =COUNTIF('3_Εξαγωγή'!C5:C104,B24) | D24: Υπόθεση: χρονικό εύρος 2019 έως 2026, όπως στο παράδειγμα του μαθήματος. Αλλάξτε τα έτη στη στήλη Β αν το δικό σας εύρος διαφέρει.
B25: 2020 | C25: =COUNTIF('3_Εξαγωγή'!C5:C104,B25)
B26: 2021 | C26: =COUNTIF('3_Εξαγωγή'!C5:C104,B26)
B27: 2022 | C27: =COUNTIF('3_Εξαγωγή'!C5:C104,B27)
B28: 2023 | C28: =COUNTIF('3_Εξαγωγή'!C5:C104,B28)
B29: 2024 | C29: =COUNTIF('3_Εξαγωγή'!C5:C104,B29)
B30: 2025 | C30: =COUNTIF('3_Εξαγωγή'!C5:C104,B30)
B31: 2026 | C31: =COUNTIF('3_Εξαγωγή'!C5:C104,B31)

Sheet 3_Εξαγωγή
A1: Πίνακας εξαγωγής δεδομένων
A2: Μία γραμμή ανά μελέτη που εντάχθηκε. Ίδιες στήλες για όλες τις μελέτες. Δοκιμάστε τον πίνακα σε τρεις μελέτες πριν συνεχίσετε.
A4: ID | B4: Παραπομπή (APA 7) | C4: Έτος | D4: Χώρα | E4: Τι; Εκπαιδευτικό πλαίσιο | F4: Τι; Δεδομένα | G4: Ποιος; Ενδιαφερόμενοι | H4: Γιατί; Στόχος | I4: Πώς; Μέθοδος | J4: Δείγμα | K4: Κύρια ευρήματα | L4: Περιορισμοί | M4: Σχετικό με ΕΕ1; | N4: Σχετικό με ΕΕ2; | O4: Σχετικό με ΕΕ3;
A5: 1 | B5: Herodotou, C., Rienties, B., Boroowa, A., Zdrahal, Z., & Hlosta, M. (2019). A large-scale implementation of predictive learning analytics in higher education: the teachers' role and perspective. Educational Technology Research and Development, 67(5), 1273–1306. | C5: 2019 | D5: Ηνωμένο Βασίλειο | E5: εξ αποστάσεως πανεπιστήμιο | F5: δημογραφικά και ίχνη από το εικονικό περιβάλλον μάθησης | G5: διδάσκοντες | H5: έγκαιρος εντοπισμός φοιτητών σε κίνδυνο | I5: προγνωστικό μοντέλο και πίνακας πληροφοριών | J5: 59 διδάσκοντες σε εννέα μαθήματα, με 1.325 φοιτητές | K5: Η συχνότερη χρήση των προβλέψεων από τους διδάσκοντες συνδέθηκε με καλύτερα ποσοστά ολοκλήρωσης και επιτυχίας. | L5: Συσχέτιση, όχι αιτιότητα. | M5: ΝΑΙ | N5: ΝΑΙ | O5: ΝΑΙ

Sheet 4_Ποιότητα
A1: Αξιολόγηση ποιότητας
A2: Απαντήστε ΝΑΙ, ΕΝ ΜΕΡΕΙ ή ΟΧΙ. Ο βαθμός υπολογίζεται αυτόματα: ΝΑΙ = 1, ΕΝ ΜΕΡΕΙ = 0,5, ΟΧΙ = 0. Η αξιολόγηση δεν αποκλείει μελέτες: δείχνει πόσο βάρος δίνετε στα ευρήματά τους.
A4: ID | B4: Παραπομπή (σύντομη) | C4: 1. Σαφές ερευνητικό ερώτημα; | D4: 2. Περιγράφονται δείγμα και πλαίσιο; | E4: 3. Κατάλληλη μέθοδος; | F4: 4. Τα συμπεράσματα στηρίζονται στα δεδομένα; | G4: 5. Αναφέρονται περιορισμοί; | H4: Βαθμός (0 έως 5) | I4: Σχόλια
A5: 1 | B5: Herodotou et al. (2019) | C5: ΝΑΙ | D5: ΝΑΙ | E5: ΝΑΙ | F5: ΕΝ ΜΕΡΕΙ | G5: ΝΑΙ | H5: =IF(COUNTA(C5:G5)=0,"",COUNTIF(C5:G5,"ΝΑΙ")+0.5*COUNTIF(C5:G5,"ΕΝ ΜΕΡΕΙ")) | I5: Παράδειγμα: διαγράψτε το πριν ξεκινήσετε.
H6: =IF(COUNTA(C6:G6)=0,"",COUNTIF(C6:G6,"ΝΑΙ")+0.5*COUNTIF(C6:G6,"ΕΝ ΜΕΡΕΙ"))
H7: =IF(COUNTA(C7:G7)=0,"",COUNTIF(C7:G7,"ΝΑΙ")+0.5*COUNTIF(C7:G7,"ΕΝ ΜΕΡΕΙ"))
H8: =IF(COUNTA(C8:G8)=0,"",COUNTIF(C8:G8,"ΝΑΙ")+0.5*COUNTIF(C8:G8,"ΕΝ ΜΕΡΕΙ"))
H9: =IF(COUNTA(C9:G9)=0,"",COUNTIF(C9:G9,"ΝΑΙ")+0.5*COUNTIF(C9:G9,"ΕΝ ΜΕΡΕΙ"))
H10: =IF(COUNTA(C10:G10)=0,"",COUNTIF(C10:G10,"ΝΑΙ")+0.5*COUNTIF(C10:G10,"ΕΝ ΜΕΡΕΙ"))
H11: =IF(COUNTA(C11:G11)=0,"",COUNTIF(C11:G11,"ΝΑΙ")+0.5*COUNTIF(C11:G11,"ΕΝ ΜΕΡΕΙ"))
H12: =IF(COUNTA(C12:G12)=0,"",COUNTIF(C12:G12,"ΝΑΙ")+0.5*COUNTIF(C12:G12,"ΕΝ ΜΕΡΕΙ"))
H13: =IF(COUNTA(C13:G13)=0,"",COUNTIF(C13:G13,"ΝΑΙ")+0.5*COUNTIF(C13:G13,"ΕΝ ΜΕΡΕΙ"))
H14: =IF(COUNTA(C14:G14)=0,"",COUNTIF(C14:G14,"ΝΑΙ")+0.5*COUNTIF(C14:G14,"ΕΝ ΜΕΡΕΙ"))
H15: =IF(COUNTA(C15:G15)=0,"",COUNTIF(C15:G15,"ΝΑΙ")+0.5*COUNTIF(C15:G15,"ΕΝ ΜΕΡΕΙ"))
H16: =IF(COUNTA(C16:G16)=0,"",COUNTIF(C16:G16,"ΝΑΙ")+0.5*COUNTIF(C16:G16,"ΕΝ ΜΕΡΕΙ"))
H17: =IF(COUNTA(C17:G17)=0,"",COUNTIF(C17:G17,"ΝΑΙ")+0.5*COUNTIF(C17:G17,"ΕΝ ΜΕΡΕΙ"))
... H104: =IF(COUNTA(C104:G104)=0,"",COUNTIF(C104:G104,"ΝΑΙ")+0.5*COUNTIF(C104:G104,"ΕΝ ΜΕΡΕΙ"))

Sheet 5_Σύνθεση
A1: Σύνθεση των ευρημάτων
A2: Μία γραμμή ανά ισχυρισμό. Κάθε ερευνητικό ερώτημα γίνεται μία ενότητα στα Αποτελέσματα, και κάθε γραμμή μία πρόταση της ενότητας. Χωρίς ερμηνεία: η ερμηνεία ανήκει στη Συζήτηση.
A4: ΕΕ | B4: Ισχυρισμός (μία πρόταση, χωρίς ερμηνεία) | C4: Μελέτες υπέρ (ID από το φύλλο 3, χωρισμένα με ;) | D4: Μελέτες κατά ή με επιφύλαξη (ID, με ;) | E4: Πλήθος υπέρ | F4: Πλήθος κατά | G4: Ποιότητα των μελετών υπέρ (μέσος βαθμός, φύλλο 4) | H4: Σε ποια πλαίσια ισχύει | I4: Η πρόταση όπως θα γραφτεί στα Αποτελέσματα
A5: ΕΕ1 | B5: Η συχνότερη χρήση των προβλέψεων από τους διδάσκοντες συνδέεται με καλύτερα ποσοστά επιτυχίας. | C5: 1 | E5: =IF(TRIM(C5)="","",LEN(TRIM(C5))-LEN(SUBSTITUTE(TRIM(C5),";",""))+1) | F5: =IF(TRIM(D5)="","",LEN(TRIM(D5))-LEN(SUBSTITUTE(TRIM(D5),";",""))+1) | G5: 4.5 | H5: εξ αποστάσεως πανεπιστήμιο, Ηνωμένο Βασίλειο | I5: Παράδειγμα: ισχυρισμός που στηρίζεται σε μία μόνο μελέτη διατυπώνεται ως ένδειξη, όχι ως εύρημα. Διαγράψτε τη γραμμή πριν ξεκινήσετε.
E6: =IF(TRIM(C6)="","",LEN(TRIM(C6))-LEN(SUBSTITUTE(TRIM(C6),";",""))+1) | F6: =IF(TRIM(D6)="","",LEN(TRIM(D6))-LEN(SUBSTITUTE(TRIM(D6),";",""))+1)
E7: =IF(TRIM(C7)="","",LEN(TRIM(C7))-LEN(SUBSTITUTE(TRIM(C7),";",""))+1) | F7: =IF(TRIM(D7)="","",LEN(TRIM(D7))-LEN(SUBSTITUTE(TRIM(D7),";",""))+1)
E8: =IF(TRIM(C8)="","",LEN(TRIM(C8))-LEN(SUBSTITUTE(TRIM(C8),";",""))+1) | F8: =IF(TRIM(D8)="","",LEN(TRIM(D8))-LEN(SUBSTITUTE(TRIM(D8),";",""))+1)
E9: =IF(TRIM(C9)="","",LEN(TRIM(C9))-LEN(SUBSTITUTE(TRIM(C9),";",""))+1) | F9: =IF(TRIM(D9)="","",LEN(TRIM(D9))-LEN(SUBSTITUTE(TRIM(D9),";",""))+1)
E10: =IF(TRIM(C10)="","",LEN(TRIM(C10))-LEN(SUBSTITUTE(TRIM(C10),";",""))+1) | F10: =IF(TRIM(D10)="","",LEN(TRIM(D10))-LEN(SUBSTITUTE(TRIM(D10),";",""))+1)
E11: =IF(TRIM(C11)="","",LEN(TRIM(C11))-LEN(SUBSTITUTE(TRIM(C11),";",""))+1) | F11: =IF(TRIM(D11)="","",LEN(TRIM(D11))-LEN(SUBSTITUTE(TRIM(D11),";",""))+1)
E12: =IF(TRIM(C12)="","",LEN(TRIM(C12))-LEN(SUBSTITUTE(TRIM(C12),";",""))+1) | F12: =IF(TRIM(D12)="","",LEN(TRIM(D12))-LEN(SUBSTITUTE(TRIM(D12),";",""))+1)
E13: =IF(TRIM(C13)="","",LEN(TRIM(C13))-LEN(SUBSTITUTE(TRIM(C13),";",""))+1) | F13: =IF(TRIM(D13)="","",LEN(TRIM(D13))-LEN(SUBSTITUTE(TRIM(D13),";",""))+1)
E14: =IF(TRIM(C14)="","",LEN(TRIM(C14))-LEN(SUBSTITUTE(TRIM(C14),";",""))+1) | F14: =IF(TRIM(D14)="","",LEN(TRIM(D14))-LEN(SUBSTITUTE(TRIM(D14),";",""))+1)
E15: =IF(TRIM(C15)="","",LEN(TRIM(C15))-LEN(SUBSTITUTE(TRIM(C15),";",""))+1) | F15: =IF(TRIM(D15)="","",LEN(TRIM(D15))-LEN(SUBSTITUTE(TRIM(D15),";",""))+1)
E16: =IF(TRIM(C16)="","",LEN(TRIM(C16))-LEN(SUBSTITUTE(TRIM(C16),";",""))+1) | F16: =IF(TRIM(D16)="","",LEN(TRIM(D16))-LEN(SUBSTITUTE(TRIM(D16),";",""))+1)
E17: =IF(TRIM(C17)="","",LEN(TRIM(C17))-LEN(SUBSTITUTE(TRIM(C17),";",""))+1) | F17: =IF(TRIM(D17)="","",LEN(TRIM(D17))-LEN(SUBSTITUTE(TRIM(D17),";",""))+1)
... E64: =IF(TRIM(C64)="","",LEN(TRIM(C64))-LEN(SUBSTITUTE(TRIM(C64),";",""))+1) | F64: =IF(TRIM(D64)="","",LEN(TRIM(D64))-LEN(SUBSTITUTE(TRIM(D64),";",""))+1)
